<?xml version="1.0" encoding="UTF-8"?>
<GenRun Id="impl_1" LaunchPart="xc7a35tcpg236-1" LaunchTime="1573991032">
  <File Type="BITSTR-BMM" Name="CACHE_CONTROLLER_bd.bmm"/>
  <File Type="OPT-METHODOLOGY-DRC" Name="CACHE_CONTROLLER_methodology_drc_opted.rpt"/>
  <File Type="INIT-TIMING" Name="CACHE_CONTROLLER_timing_summary_init.rpt"/>
  <File Type="ROUTE-PWR" Name="CACHE_CONTROLLER_power_routed.rpt"/>
  <File Type="PA-TCL" Name="CACHE_CONTROLLER.tcl"/>
  <File Type="OPT-TIMING" Name="CACHE_CONTROLLER_timing_summary_opted.rpt"/>
  <File Type="OPT-DCP" Name="CACHE_CONTROLLER_opt.dcp"/>
  <File Type="ROUTE-PWR-SUM" Name="CACHE_CONTROLLER_power_summary_routed.pb"/>
  <File Type="REPORTS-TCL" Name="CACHE_CONTROLLER_reports.tcl"/>
  <File Type="OPT-DRC" Name="CACHE_CONTROLLER_drc_opted.rpt"/>
  <File Type="OPT-HWDEF" Name="CACHE_CONTROLLER.hwdef"/>
  <File Type="PWROPT-DCP" Name="CACHE_CONTROLLER_pwropt.dcp"/>
  <File Type="PWROPT-DRC" Name="CACHE_CONTROLLER_drc_pwropted.rpt"/>
  <File Type="PWROPT-TIMING" Name="CACHE_CONTROLLER_timing_summary_pwropted.rpt"/>
  <File Type="PLACE-DCP" Name="CACHE_CONTROLLER_placed.dcp"/>
  <File Type="PLACE-IO" Name="CACHE_CONTROLLER_io_placed.rpt"/>
  <File Type="PLACE-CLK" Name="CACHE_CONTROLLER_clock_utilization_placed.rpt"/>
  <File Type="PLACE-UTIL" Name="CACHE_CONTROLLER_utilization_placed.rpt"/>
  <File Type="PLACE-UTIL-PB" Name="CACHE_CONTROLLER_utilization_placed.pb"/>
  <File Type="PLACE-CTRL" Name="CACHE_CONTROLLER_control_sets_placed.rpt"/>
  <File Type="PLACE-SIMILARITY" Name="CACHE_CONTROLLER_incremental_reuse_placed.rpt"/>
  <File Type="PLACE-PRE-SIMILARITY" Name="CACHE_CONTROLLER_incremental_reuse_pre_placed.rpt"/>
  <File Type="BG-BGN" Name="CACHE_CONTROLLER.bgn"/>
  <File Type="PLACE-TIMING" Name="CACHE_CONTROLLER_timing_summary_placed.rpt"/>
  <File Type="POSTPLACE-PWROPT-DCP" Name="CACHE_CONTROLLER_postplace_pwropt.dcp"/>
  <File Type="BG-BIN" Name="CACHE_CONTROLLER.bin"/>
  <File Type="POSTPLACE-PWROPT-TIMING" Name="CACHE_CONTROLLER_timing_summary_postplace_pwropted.rpt"/>
  <File Type="PHYSOPT-DCP" Name="CACHE_CONTROLLER_physopt.dcp"/>
  <File Type="PHYSOPT-DRC" Name="CACHE_CONTROLLER_drc_physopted.rpt"/>
  <File Type="BITSTR-MSK" Name="CACHE_CONTROLLER.msk"/>
  <File Type="PHYSOPT-TIMING" Name="CACHE_CONTROLLER_timing_summary_physopted.rpt"/>
  <File Type="ROUTE-ERROR-DCP" Name="CACHE_CONTROLLER_routed_error.dcp"/>
  <File Type="ROUTE-DCP" Name="CACHE_CONTROLLER_routed.dcp"/>
  <File Type="ROUTE-BLACKBOX-DCP" Name="CACHE_CONTROLLER_routed_bb.dcp"/>
  <File Type="ROUTE-DRC" Name="CACHE_CONTROLLER_drc_routed.rpt"/>
  <File Type="ROUTE-DRC-PB" Name="CACHE_CONTROLLER_drc_routed.pb"/>
  <File Type="BITSTR-LTX" Name="debug_nets.ltx"/>
  <File Type="BITSTR-LTX" Name="CACHE_CONTROLLER.ltx"/>
  <File Type="ROUTE-DRC-RPX" Name="CACHE_CONTROLLER_drc_routed.rpx"/>
  <File Type="BITSTR-MMI" Name="CACHE_CONTROLLER.mmi"/>
  <File Type="ROUTE-METHODOLOGY-DRC" Name="CACHE_CONTROLLER_methodology_drc_routed.rpt"/>
  <File Type="ROUTE-METHODOLOGY-DRC-RPX" Name="CACHE_CONTROLLER_methodology_drc_routed.rpx"/>
  <File Type="BITSTR-SYSDEF" Name="CACHE_CONTROLLER.sysdef"/>
  <File Type="ROUTE-METHODOLOGY-DRC-PB" Name="CACHE_CONTROLLER_methodology_drc_routed.pb"/>
  <File Type="ROUTE-PWR-RPX" Name="CACHE_CONTROLLER_power_routed.rpx"/>
  <File Type="ROUTE-STATUS" Name="CACHE_CONTROLLER_route_status.rpt"/>
  <File Type="ROUTE-STATUS-PB" Name="CACHE_CONTROLLER_route_status.pb"/>
  <File Type="ROUTE-TIMINGSUMMARY" Name="CACHE_CONTROLLER_timing_summary_routed.rpt"/>
  <File Type="ROUTE-TIMING-PB" Name="CACHE_CONTROLLER_timing_summary_routed.pb"/>
  <File Type="ROUTE-TIMING-RPX" Name="CACHE_CONTROLLER_timing_summary_routed.rpx"/>
  <File Type="ROUTE-SIMILARITY" Name="CACHE_CONTROLLER_incremental_reuse_routed.rpt"/>
  <File Type="ROUTE-CLK" Name="CACHE_CONTROLLER_clock_utilization_routed.rpt"/>
  <File Type="ROUTE-BUS-SKEW" Name="CACHE_CONTROLLER_bus_skew_routed.rpt"/>
  <File Type="ROUTE-BUS-SKEW-PB" Name="CACHE_CONTROLLER_bus_skew_routed.pb"/>
  <File Type="ROUTE-BUS-SKEW-RPX" Name="CACHE_CONTROLLER_bus_skew_routed.rpx"/>
  <File Type="POSTROUTE-PHYSOPT-DCP" Name="CACHE_CONTROLLER_postroute_physopt.dcp"/>
  <File Type="POSTROUTE-PHYSOPT-BLACKBOX-DCP" Name="CACHE_CONTROLLER_postroute_physopt_bb.dcp"/>
  <File Type="POSTROUTE-PHYSOPT-TIMING" Name="CACHE_CONTROLLER_timing_summary_postroute_physopted.rpt"/>
  <File Type="POSTROUTE-PHYSOPT-TIMING-PB" Name="CACHE_CONTROLLER_timing_summary_postroute_physopted.pb"/>
  <File Type="POSTROUTE-PHYSOPT-TIMING-RPX" Name="CACHE_CONTROLLER_timing_summary_postroute_physopted.rpx"/>
  <File Type="POSTROUTE-PHYSOPT-BUS-SKEW" Name="CACHE_CONTROLLER_bus_skew_postroute_physopted.rpt"/>
  <File Type="POSTROUTE-PHYSOPT-BUS-SKEW-PB" Name="CACHE_CONTROLLER_bus_skew_postroute_physopted.pb"/>
  <File Type="BG-BIT" Name="CACHE_CONTROLLER.bit"/>
  <File Type="POSTROUTE-PHYSOPT-BUS-SKEW-RPX" Name="CACHE_CONTROLLER_bus_skew_postroute_physopted.rpx"/>
  <File Type="BITSTR-RBT" Name="CACHE_CONTROLLER.rbt"/>
  <File Type="BITSTR-NKY" Name="CACHE_CONTROLLER.nky"/>
  <File Type="BG-DRC" Name="CACHE_CONTROLLER.drc"/>
  <File Type="RDI-RDI" Name="CACHE_CONTROLLER.vdi"/>
  <File Type="WBT-USG" Name="usage_statistics_webtalk.html"/>
  <FileSet Name="sources" Type="DesignSrcs" RelSrcDir="$PSRCDIR/sources_1">
    <Filter Type="Srcs"/>
    <File Path="$PSRCDIR/sources_1/new/CACHE_CONTROLLER.v">
      <FileInfo>
        <Attr Name="ImportPath" Val="$PPRDIR/../../../Downloads/Downloads/L1_Cache/L1_Cache.srcs/sources_1/new/CACHE_CONTROLLER.v"/>
        <Attr Name="ImportTime" Val="1571356775"/>
        <Attr Name="UsedIn" Val="synthesis"/>
        <Attr Name="UsedIn" Val="implementation"/>
        <Attr Name="UsedIn" Val="simulation"/>
      </FileInfo>
    </File>
    <Config>
      <Option Name="DesignMode" Val="RTL"/>
      <Option Name="TopModule" Val="CACHE_CONTROLLER"/>
      <Option Name="TopAutoSet" Val="TRUE"/>
    </Config>
  </FileSet>
  <FileSet Name="constrs_in" Type="Constrs" RelSrcDir="$PSRCDIR/constrs_1">
    <Filter Type="Constrs"/>
    <File Path="$PSRCDIR/constrs_1/new/Cache_Controller_Constraints.xdc">
      <FileInfo>
        <Attr Name="ImportPath" Val="$PPRDIR/../../../Downloads/cache_controller_impl_1/cache_controller_impl_1.srcs/constrs_1/new/Cache_Controller_Constraints.xdc"/>
        <Attr Name="ImportTime" Val="1573409504"/>
        <Attr Name="UsedIn" Val="synthesis"/>
        <Attr Name="UsedIn" Val="implementation"/>
      </FileInfo>
    </File>
    <Config>
      <Option Name="ConstrsType" Val="XDC"/>
    </Config>
  </FileSet>
  <FileSet Name="utils" Type="Utils" RelSrcDir="$PSRCDIR/utils_1">
    <Filter Type="Utils"/>
    <Config>
      <Option Name="TopAutoSet" Val="TRUE"/>
    </Config>
  </FileSet>
  <Strategy Version="1" Minor="2">
    <StratHandle Name="Vivado Implementation Defaults" Flow="Vivado Implementation 2019"/>
    <Step Id="init_design"/>
    <Step Id="opt_design"/>
    <Step Id="power_opt_design"/>
    <Step Id="place_design"/>
    <Step Id="post_place_power_opt_design"/>
    <Step Id="phys_opt_design"/>
    <Step Id="route_design"/>
    <Step Id="post_route_phys_opt_design"/>
    <Step Id="write_bitstream">
      <Option Id="BinFile">1</Option>
    </Step>
  </Strategy>
</GenRun>
