<?xml version="1.0" encoding="UTF-8"?>
<GenRun Id="synth_1" LaunchPart="xc7a35tcpg236-1" LaunchTime="1573991032">
  <File Type="PA-TCL" Name="CACHE_CONTROLLER.tcl"/>
  <File Type="RDS-PROPCONSTRS" Name="CACHE_CONTROLLER_drc_synth.rpt"/>
  <File Type="REPORTS-TCL" Name="CACHE_CONTROLLER_reports.tcl"/>
  <File Type="RDS-RDS" Name="CACHE_CONTROLLER.vds"/>
  <File Type="RDS-UTIL" Name="CACHE_CONTROLLER_utilization_synth.rpt"/>
  <File Type="RDS-UTIL-PB" Name="CACHE_CONTROLLER_utilization_synth.pb"/>
  <File Type="RDS-DCP" Name="CACHE_CONTROLLER.dcp"/>
  <File Type="VDS-TIMINGSUMMARY" Name="CACHE_CONTROLLER_timing_summary_synth.rpt"/>
  <File Type="VDS-TIMING-PB" Name="CACHE_CONTROLLER_timing_summary_synth.pb"/>
  <FileSet Name="sources" Type="DesignSrcs" RelSrcDir="$PSRCDIR/sources_1">
    <Filter Type="Srcs"/>
    <File Path="$PSRCDIR/sources_1/new/CACHE_CONTROLLER.v">
      <FileInfo>
        <Attr Name="ImportPath" Val="$PPRDIR/../../../Downloads/Downloads/L1_Cache/L1_Cache.srcs/sources_1/new/CACHE_CONTROLLER.v"/>
        <Attr Name="ImportTime" Val="1571356775"/>
        <Attr Name="UsedIn" Val="synthesis"/>
        <Attr Name="UsedIn" Val="implementation"/>
        <Attr Name="UsedIn" Val="simulation"/>
      </FileInfo>
    </File>
    <Config>
      <Option Name="DesignMode" Val="RTL"/>
      <Option Name="TopModule" Val="CACHE_CONTROLLER"/>
      <Option Name="TopAutoSet" Val="TRUE"/>
    </Config>
  </FileSet>
  <FileSet Name="constrs_in" Type="Constrs" RelSrcDir="$PSRCDIR/constrs_1">
    <Filter Type="Constrs"/>
    <File Path="$PSRCDIR/constrs_1/new/Cache_Controller_Constraints.xdc">
      <FileInfo>
        <Attr Name="ImportPath" Val="$PPRDIR/../../../Downloads/cache_controller_impl_1/cache_controller_impl_1.srcs/constrs_1/new/Cache_Controller_Constraints.xdc"/>
        <Attr Name="ImportTime" Val="1573409504"/>
        <Attr Name="UsedIn" Val="synthesis"/>
        <Attr Name="UsedIn" Val="implementation"/>
      </FileInfo>
    </File>
    <Config>
      <Option Name="ConstrsType" Val="XDC"/>
    </Config>
  </FileSet>
  <FileSet Name="utils" Type="Utils" RelSrcDir="$PSRCDIR/utils_1">
    <Filter Type="Utils"/>
    <Config>
      <Option Name="TopAutoSet" Val="TRUE"/>
    </Config>
  </FileSet>
  <Strategy Version="1" Minor="2">
    <StratHandle Name="Vivado Synthesis Defaults" Flow="Vivado Synthesis 2019"/>
    <Step Id="synth_design"/>
  </Strategy>
</GenRun>
